"ID","Hits","Indirect hits","Conflicts"
"K00665","39","0","36"
"K01782","21","0","19"
"K09458","18","0","18"
"K00647","18","0","18"
"K07515","17","0","17"
"K07508","13","0","2"
"K07509","13","0","2"
"K00249","11","0","9"
"K07511","11","0","11"
"K01692","11","0","11"
"K00232","10","0","7"
"K00059","9","0","7"
"K00940","9","0","0"
"K00128","9","0","6"
"K02372","9","0","7"
"K00208","9","0","7"
"K03783","9","0","1"
"K00812","8","0","8"
"K00274","8","0","1"
"K14455","8","0","7"
"K14085","8","0","7"
"K14454","8","0","7"
"K05550","7","0","0"
"K01716","7","0","7"
"K11751","7","0","7"
"K03787","7","0","7"
"K05549","7","0","0"
"K05784","7","0","0"
"K01081","7","0","7"
"K02527","6","0","0"
"K19970","6","0","6"
"K05783","6","0","0"
"K00804","6","0","4"
"K00288","6","0","6"
"K00615","6","0","0"
"K00129","6","0","1"
"K12309","6","0","3"
"K07512","6","0","6"
"K01623","5","0","5"
"K13953","5","0","5"
"K00446","5","0","0"
"K01047","5","0","0"
"K16343","5","0","0"
"K00001","5","0","5"
"K12373","5","0","1"
"K07104","5","0","0"
"K11787","5","0","5"
"K01624","5","0","5"
"K00873","5","0","1"
"K11645","5","0","5"
"K00121","5","0","5"
"K00993","5","0","1"
"K03022","4","0","4"
"K03006","4","0","4"
"K02338","4","0","4"
"K03010","4","0","4"
"K00788","4","0","0"
"K02111","4","0","2"
"K09478","4","0","4"
"K03009","4","0","4"
"K00965","4","0","1"
"K03046","4","0","4"
"K02320","4","0","4"
"K02257","4","0","4"
"K03020","4","0","4"
"K01563","4","0","0"
"K00505","4","0","0"
"K03015","4","0","4"
"K03506","4","0","4"
"K03000","4","0","4"
"K02109","4","0","2"
"K02259","4","0","3"
"K03504","4","0","4"
"K03025","4","0","4"
"K03021","4","0","4"
"K02339","4","0","4"
"K02684","4","0","4"
"K03019","4","0","4"
"K02341","4","0","4"
"K02325","4","0","4"
"K03016","4","0","4"
"K10808","4","0","3"
"K02115","4","0","2"
"K02335","4","0","4"
"K02332","4","0","4"
"K03027","4","0","4"
"K02327","4","0","4"
"K03013","4","0","4"
"K02343","4","0","4"
"K03002","4","0","4"
"K01491","4","0","4"
"K03060","4","0","4"
"K02333","4","0","4"
"K01601","4","0","0"
"K02301","4","0","4"
"K03026","4","0","4"
"K02350","4","0","4"
"K03008","4","0","4"
"K01695","4","0","0"
"K03007","4","0","4"
"K00796","4","0","0"
"K03011","4","0","4"
"K02328","4","0","4"
"K02108","4","0","2"
"K00824","4","0","3"
"K02337","4","0","4"
"K03023","4","0","4"
"K00844","4","0","4"
"K02685","4","0","4"
"K02321","4","0","4"
"K10807","4","0","3"
"K03005","4","0","4"
"K01988","4","0","0"
"K02113","4","0","2"
"K02110","4","0","2"
"K03014","4","0","4"
"K03040","4","0","4"
"K02342","4","0","4"
"K02324","4","0","4"
"K00826","4","0","1"
"K02112","4","0","2"
"K00797","4","0","0"
"K01593","4","0","1"
"K00011","4","0","0"
"K03017","4","0","4"
"K03043","4","0","4"
"K12405","4","0","0"
"K00248","4","0","4"
"K03004","4","0","4"
"K02999","4","0","4"
"K00795","4","0","4"
"K00275","4","0","0"
"K00787","4","0","4"
"K03012","4","0","4"
"K03024","4","0","4"
"K02340","4","0","4"
"K02114","4","0","2"
"K01495","4","0","0"
"K02326","4","0","4"
"K03018","4","0","4"
"K01580","4","0","0"
"K03959","3","0","3"
"K02300","3","0","3"
"K11204","3","0","3"
"K03945","3","0","3"
"K00031","3","0","1"
"K09699","3","0","0"
"K01704","3","0","0"
"K00413","3","0","3"
"K00341","3","0","3"
"K00273","3","0","2"
"K02302","3","0","0"
"K03964","3","0","3"
"K00827","3","0","2"
"K09658","3","0","2"
"K21456","3","0","3"
"K00337","3","0","3"
"K03937","3","0","3"
"K00817","3","0","2"
"K02265","3","0","3"
"K01738","3","0","0"
"K03940","3","0","3"
"K03943","3","0","3"
"K03951","3","0","3"
"K03958","3","0","3"
"K01425","3","0","0"
"K00335","3","0","3"
"K03883","3","0","3"
"K03966","3","0","3"
"K00830","3","0","1"
"K03935","3","0","3"
"K02275","3","0","3"
"K03782","3","0","3"
"K00166","3","0","3"
"K01696","3","0","0"
"K00425","3","0","3"
"K00945","3","0","3"
"K11353","3","0","3"
"K00525","3","0","3"
"K11188","3","0","3"
"K00415","3","0","3"
"K03939","3","0","3"
"K03953","3","0","3"
"K01061","3","0","0"
"K13421","3","0","3"
"K03960","3","0","3"
"K13800","3","0","3"
"K11381","3","0","3"
"K00333","3","0","3"
"K03946","3","0","3"
"K00382","3","0","0"
"K02260","3","0","3"
"K10217","3","0","0"
"K00430","3","0","3"
"K03948","3","0","3"
"K01652","3","0","0"
"K00417","3","0","3"
"K11351","3","0","3"
"K00411","3","0","3"
"K11205","3","0","3"
"K03955","3","0","3"
"K02274","3","0","3"
"K03962","3","0","3"
"K00331","3","0","3"
"K00070","3","0","0"
"K00276","3","0","1"
"K11540","3","0","3"
"K03879","3","0","3"
"K00602","3","0","1"
"K00338","3","0","3"
"K02267","3","0","3"
"K03882","3","0","3"
"K01697","3","0","1"
"K00287","3","0","0"
"K00526","3","0","3"
"K02262","3","0","3"
"K00106","3","0","2"
"K00343","3","0","3"
"K00939","3","0","2"
"K01681","3","0","0"
"K00340","3","0","3"
"K03934","3","0","3"
"K02272","3","0","3"
"K00336","3","0","3"
"K03950","3","0","3"
"K01703","3","0","0"
"K00600","3","0","0"
"K02256","3","0","3"
"K00420","3","0","3"
"K03957","3","0","3"
"K02297","3","0","3"
"K00868","3","0","3"
"K03884","3","0","3"
"K01919","3","0","3"
"K15759","3","0","3"
"K02264","3","0","3"
"K03942","3","0","3"
"K03965","3","0","3"
"K00334","3","0","3"
"K13370","3","0","0"
"K00167","3","0","3"
"K00815","3","0","2"
"K00626","3","0","2"
"K03878","3","0","3"
"K11352","3","0","3"
"K02258","3","0","3"
"K00605","3","0","0"
"K03941","3","0","3"
"K03952","3","0","3"
"K01920","3","0","3"
"K02268","3","0","3"
"K02273","3","0","3"
"K11175","3","0","3"
"K02276","3","0","3"
"K02261","3","0","3"
"K00342","3","0","3"
"K13248","3","0","3"
"K00339","3","0","3"
"K03949","3","0","3"
"K01758","3","0","1"
"K03968","3","0","3"
"K03183","3","0","1"
"K01187","3","0","1"
"K03880","3","0","3"
"K00416","3","0","3"
"K00760","3","0","1"
"K01195","3","0","0"
"K03961","3","0","3"
"K01190","3","0","3"
"K03954","3","0","3"
"K02299","3","0","3"
"K02263","3","0","3"
"K03149","3","0","0"
"K13821","3","0","3"
"K02298","3","0","3"
"K02266","3","0","3"
"K01653","3","0","0"
"K03881","3","0","3"
"K00426","3","0","3"
"K00418","3","0","3"
"K00412","3","0","3"
"K00570","3","0","0"
"K01810","3","0","1"
"K03956","3","0","3"
"K00419","3","0","3"
"K00332","3","0","3"
"K03963","3","0","3"
"K03936","3","0","3"
"K03938","3","0","3"
"K00330","3","0","3"
"K16860","2","0","0"
"K11717","2","0","0"
"K00823","2","0","2"
"K01648","2","0","2"
"K00616","2","0","0"
"K01662","2","0","0"
"K02134","2","0","2"
"K02137","2","0","2"
"K01783","2","0","0"
"K01256","2","0","2"
"K02140","2","0","2"
"K12349","2","0","0"
"K05350","2","0","0"
"K00710","2","0","0"
"K00717","2","0","0"
"K12657","2","0","2"
"K11142","2","0","2"
"K01092","2","0","2"
"K02152","2","0","2"
"K02224","2","0","0"
"K01687","2","0","0"
"K00049","2","0","2"
"K14394","2","0","2"
"K02149","2","0","2"
"K01641","2","0","0"
"K01791","2","0","0"
"K05349","2","0","0"
"K02318","2","0","2"
"K00015","2","0","2"
"K00127","2","0","0"
"K05546","2","0","0"
"K01938","2","0","2"
"K15728","2","0","1"
"K00568","2","0","1"
"K00164","2","0","0"
"K02132","2","0","2"
"K00244","2","0","2"
"K18532","2","0","2"
"K02129","2","0","2"
"K03842","2","0","0"
"K00699","2","0","0"
"K07151","2","0","0"
"K11177","2","0","2"
"K00969","2","0","2"
"K01757","2","0","0"
"K01805","2","0","0"
"K13811","2","0","2"
"K00942","2","0","0"
"K01053","2","0","0"
"K07258","2","0","0"
"K13038","2","0","2"
"K01918","2","0","0"
"K02147","2","0","2"
"K00814","2","0","1"
"K00029","2","0","0"
"K13482","2","0","2"
"K13499","2","0","0"
"K01796","2","0","0"
"K09479","2","0","2"
"K13483","2","0","2"
"K00721","2","0","2"
"K02144","2","0","2"
"K02136","2","0","2"
"K14156","2","0","0"
"K00769","2","0","1"
"K03844","2","0","0"
"K10251","2","0","0"
"K01457","2","0","0"
"K03426","2","0","2"
"K00072","2","0","0"
"K00053","2","0","0"
"K01136","2","0","0"
"K01772","2","0","0"
"K01666","2","0","0"
"K00235","2","0","2"
"K03661","2","0","2"
"K16171","2","0","2"
"K01856","2","0","0"
"K00024","2","0","2"
"K11753","2","0","2"
"K12666","2","0","0"
"K06016","2","0","2"
"K00999","2","0","0"
"K13403","2","0","2"
"K00748","2","0","0"
"K01740","2","0","0"
"K01942","2","0","2"
"K08744","2","0","0"
"K00231","2","0","0"
"K09659","2","0","2"
"K17722","2","0","2"
"K01106","2","0","0"
"K02153","2","0","2"
"K01557","2","0","2"
"K01915","2","0","0"
"K02131","2","0","2"
"K01760","2","0","2"
"K01808","2","0","2"
"K01077","2","0","1"
"K02291","2","0","0"
"K00140","2","0","0"
"K03644","2","0","0"
"K00611","2","0","0"
"K03841","2","0","1"
"K01438","2","0","1"
"K00798","2","0","0"
"K00759","2","0","1"
"K00026","2","0","2"
"K14652","2","0","0"
"K12506","2","0","0"
"K01488","2","0","1"
"K17723","2","0","2"
"K01626","2","0","0"
"K00747","2","0","0"
"K03846","2","0","0"
"K02126","2","0","2"
"K00941","2","0","0"
"K01115","2","0","0"
"K00025","2","0","2"
"K02128","2","0","2"
"K01756","2","0","0"
"K14157","2","0","0"
"K08967","2","0","0"
"K04487","2","0","0"
"K00457","2","0","0"
"K01555","2","0","2"
"K02148","2","0","2"
"K00281","2","0","0"
"K01594","2","0","0"
"K00771","2","0","0"
"K01196","2","0","2"
"K02151","2","0","2"
"K05605","2","0","0"
"K00850","2","0","1"
"K00239","2","0","2"
"K01431","2","0","2"
"K03843","2","0","0"
"K00220","2","0","0"
"K01176","2","0","0"
"K00294","2","0","2"
"K19221","2","0","0"
"K00620","2","0","1"
"K05936","2","0","0"
"K02138","2","0","2"
"K01006","2","0","1"
"K03848","2","0","0"
"K08764","2","0","0"
"K02135","2","0","2"
"K01255","2","0","2"
"K02233","2","0","0"
"K01754","2","0","1"
"K11140","2","0","2"
"K00013","2","0","0"
"K02146","2","0","2"
"K05366","2","0","0"
"K00968","2","0","0"
"K05934","2","0","0"
"K02150","2","0","2"
"K00943","2","0","0"
"K11263","2","0","1"
"K00831","2","0","0"
"K13524","2","0","2"
"K03372","2","0","0"
"K00237","2","0","2"
"K00591","2","0","1"
"K01485","2","0","0"
"K00240","2","0","2"
"K00876","2","0","0"
"K13481","2","0","2"
"K01243","2","0","0"
"K00753","2","0","0"
"K03845","2","0","0"
"K00207","2","0","2"
"K05895","2","0","0"
"K00126","2","0","0"
"K16055","2","0","2"
"K02133","2","0","2"
"K00658","2","0","0"
"K15376","2","0","1"
"K12668","2","0","0"
"K01821","2","0","0"
"K04042","2","0","1"
"K11178","2","0","2"
"K00241","2","0","2"
"K00002","2","0","1"
"K03662","2","0","2"
"K02231","2","0","0"
"K02130","2","0","2"
"K04765","2","0","1"
"K01895","2","0","1"
"K11752","2","0","0"
"K00286","2","0","1"
"K20967","2","0","2"
"K01217","2","0","0"
"K00794","2","0","0"
"K00480","2","0","0"
"K02155","2","0","2"
"K01599","2","0","0"
"K01230","2","0","0"
"K12667","2","0","0"
"K01755","2","0","0"
"K01046","2","0","0"
"K01464","2","0","0"
"K01107","2","0","0"
"K00242","2","0","2"
"K02145","2","0","2"
"K01587","2","0","1"
"K02125","2","0","2"
"K16165","2","0","2"
"K01940","2","0","0"
"K01137","2","0","0"
"K00927","2","0","0"
"K02227","2","0","0"
"K00236","2","0","2"
"K01435","2","0","0"
"K00278","2","0","0"
"K00124","2","0","0"
"K03524","2","0","2"
"K01807","2","0","2"
"K00052","2","0","0"
"K06042","2","0","0"
"K18592","2","0","1"
"K01620","2","0","0"
"K01078","2","0","2"
"K00762","2","0","2"
"K01625","2","0","0"
"K00654","2","0","0"
"K12972","2","0","2"
"K02370","2","0","0"
"K03394","2","0","0"
"K01617","2","0","0"
"K03381","2","0","0"
"K12670","2","0","0"
"K00821","2","0","0"
"K00134","2","0","0"
"K03801","2","0","0"
"K01179","2","0","0"
"K01737","2","0","0"
"K01080","2","0","1"
"K01109","2","0","0"
"K01610","2","0","1"
"K00967","2","0","0"
"K00123","2","0","0"
"K02127","2","0","2"
"K12669","2","0","0"
"K01476","2","0","0"
"K02225","2","0","0"
"K01556","2","0","0"
"K00234","2","0","2"
"K01647","2","0","2"
"K13510","2","0","0"
"K02154","2","0","2"
"K00925","2","0","0"
"K01698","1","0","0"
"K01711","1","0","0"
"K19801","1","0","0"
"K00035","1","0","0"
"K01432","1","0","0"
"K01205","1","0","0"
"K06134","1","0","0"
"K10105","1","0","0"
"K01736","1","0","0"
"K00931","1","0","1"
"K00297","1","0","0"
"K01613","1","0","0"
"K01590","1","0","1"
"K00643","1","0","0"
"K00501","1","0","0"
"K06126","1","0","1"
"K01439","1","0","0"
"K00856","1","0","1"
"K00303","1","0","1"
"K03752","1","0","0"
"K01744","1","0","0"
"K01908","1","0","1"
"K00869","1","0","0"
"K01082","1","0","1"
"K01097","1","0","0"
"K01803","1","0","0"
"K11262","1","0","1"
"K07127","1","0","0"
"K00108","1","0","0"
"K00681","1","0","1"
"K00746","1","0","0"
"K00116","1","0","1"
"K00728","1","0","0"
"K01207","1","0","1"
"K00957","1","0","1"
"K01480","1","0","0"
"K00765","1","0","0"
"K01430","1","0","0"
"K00763","1","0","0"
"K09881","1","0","0"
"K00954","1","0","1"
"K17497","1","0","1"
"K01607","1","0","0"
"K04073","1","0","0"
"K00456","1","0","0"
"K00883","1","0","0"
"K01084","1","0","1"
"K01775","1","0","0"
"K07432","1","0","0"
"K16871","1","0","1"
"K00058","1","0","0"
"K00669","1","0","0"
"K01925","1","0","0"
"K01183","1","0","0"
"K19572","1","0","1"
"K01114","1","0","1"
"K01520","1","0","1"
"K03639","1","0","1"
"K01079","1","0","0"
"K00919","1","0","0"
"K03858","1","0","0"
"K00700","1","0","0"
"K01239","1","0","1"
"K02229","1","0","0"
"K00033","1","0","0"
"K00547","1","0","1"
"K00325","1","0","1"
"K04718","1","0","0"
"K01055","1","0","0"
"K00097","1","0","0"
"K01712","1","0","0"
"K00357","1","0","0"
"K02535","1","0","0"
"K03434","1","0","0"
"K09020","1","0","0"
"K00981","1","0","0"
"K03336","1","0","0"
"K01596","1","0","1"
"K01735","1","0","0"
"K12448","1","0","0"
"K02189","1","0","0"
"K01899","1","0","1"
"K01963","1","0","1"
"K17108","1","0","0"
"K01254","1","0","0"
"K01930","1","0","1"
"K03750","1","0","1"
"K02434","1","0","0"
"K00895","1","0","1"
"K00074","1","0","0"
"K00867","1","0","1"
"K01784","1","0","0"
"K03849","1","0","0"
"K03517","1","0","0"
"K00949","1","0","0"
"K02536","1","0","0"
"K00972","1","0","1"
"K18082","1","0","0"
"K00606","1","0","0"
"K00888","1","0","0"
"K00261","1","0","1"
"K08679","1","0","0"
"K09471","1","0","0"
"K00737","1","0","0"
"K00145","1","0","0"
"K00137","1","0","1"
"K00254","1","0","0"
"K10026","1","0","0"
"K00734","1","0","0"
"K19269","1","0","1"
"K01800","1","0","0"
"K01621","1","0","0"
"K05294","1","0","0"
"K13509","1","0","1"
"K02500","1","0","0"
"K14163","1","0","1"
"K01952","1","0","0"
"K00648","1","0","0"
"K05878","1","0","0"
"K01135","1","0","0"
"K21032","1","0","0"
"K00992","1","0","0"
"K00041","1","0","0"
"K00847","1","0","1"
"K01486","1","0","0"
"K01689","1","0","0"
"K14459","1","0","0"
"K00014","1","0","0"
"K01903","1","0","1"
"K07441","1","0","0"
"K00901","1","0","1"
"K00995","1","0","0"
"K01483","1","0","0"
"K00915","1","0","0"
"K09882","1","0","0"
"K10712","1","0","0"
"K01956","1","0","1"
"K00130","1","0","1"
"K05304","1","0","0"
"K11472","1","0","1"
"K01565","1","0","0"
"K00301","1","0","1"
"K11754","1","0","1"
"K01693","1","0","0"
"K01858","1","0","0"
"K00694","1","0","0"
"K02232","1","0","0"
"K00874","1","0","0"
"K01733","1","0","0"
"K00983","1","0","0"
"K01749","1","0","0"
"K09018","1","0","0"
"K03147","1","0","0"
"K00950","1","0","0"
"K01793","1","0","0"
"K01953","1","0","1"
"K08281","1","0","0"
"K18081","1","0","0"
"K01589","1","0","0"
"K00878","1","0","0"
"K01923","1","0","1"
"K08963","1","0","0"
"K19873","1","0","0"
"K00609","1","0","1"
"K18201","1","0","0"
"K00075","1","0","0"
"K07542","1","0","0"
"K12353","1","0","0"
"K02228","1","0","0"
"K09680","1","0","1"
"K00595","1","0","0"
"K08322","1","0","0"
"K01886","1","0","0"
"K03474","1","0","0"
"K00911","1","0","0"
"K01776","1","0","0"
"K05287","1","0","0"
"K00042","1","0","0"
"K02435","1","0","0"
"K02577","1","0","0"
"K13240","1","0","0"
"K00655","1","0","1"
"K07404","1","0","1"
"K02366","1","0","0"
"K01921","1","0","0"
"K14410","1","0","1"
"K03621","1","0","1"
"K03431","1","0","0"
"K03335","1","0","0"
"K09024","1","0","0"
"K00104","1","0","1"
"K00761","1","0","0"
"K01969","1","0","0"
"K00133","1","0","0"
"K00948","1","0","0"
"K01074","1","0","1"
"K00894","1","0","0"
"K01489","1","0","0"
"K01569","1","0","0"
"K00012","1","0","0"
"K00322","1","0","1"
"K09903","1","0","1"
"K03635","1","0","0"
"K21418","1","0","0"
"K01560","1","0","0"
"K00720","1","0","0"
"K05292","1","0","0"
"K20278","1","0","0"
"K00820","1","0","1"
"K08729","1","0","0"
"K07102","1","0","0"
"K00640","1","0","0"
"K01685","1","0","0"
"K01428","1","0","0"
"K14286","1","0","0"
"K00791","1","0","0"
"K05606","1","0","0"
"K03464","1","0","0"
"K00138","1","0","1"
"K00767","1","0","0"
"K00750","1","0","0"
"K00971","1","0","1"
"K16371","1","0","0"
"K00019","1","0","0"
"K00318","1","0","1"
"K15371","1","0","1"
"K01231","1","0","0"
"K00851","1","0","0"
"K01752","1","0","1"
"K08351","1","0","0"
"K01941","1","0","0"
"K01611","1","0","0"
"K05289","1","0","0"
"K00819","1","0","0"
"K01778","1","0","0"
"K00077","1","0","0"
"K01631","1","0","0"
"K01581","1","0","0"
"K01494","1","0","0"
"K00040","1","0","0"
"K01841","1","0","0"
"K13711","1","0","0"
"K02502","1","0","0"
"K00502","1","0","0"
"K01835","1","0","1"
"K00088","1","0","0"
"K03735","1","0","0"
"K01823","1","0","0"
"K00703","1","0","0"
"K01099","1","0","0"
"K00966","1","0","1"
"K13503","1","0","0"
"K01523","1","0","0"
"K00693","1","0","0"
"K01198","1","0","0"
"K13506","1","0","1"
"K06125","1","0","1"
"K01713","1","0","0"
"K00228","1","0","0"
"K00733","1","0","0"
"K01591","1","0","1"
"K06920","1","0","0"
"K00778","1","0","0"
"K01496","1","0","0"
"K01466","1","0","0"
"K11529","1","0","0"
"K01598","1","0","1"
"K13609","1","0","0"
"K00846","1","0","0"
"K00253","1","0","0"
"K01634","1","0","0"
"K00857","1","0","1"
"K00928","1","0","0"
"K06041","1","0","0"
"K01473","1","0","0"
"K04518","1","0","0"
"K01897","1","0","1"
"K00135","1","0","1"
"K02517","1","0","0"
"K02793","1","0","1"
"K01031","1","0","0"
"K00010","1","0","0"
"K01951","1","0","0"
"K00677","1","0","0"
"K01900","1","0","1"
"K12350","1","0","0"
"K03527","1","0","0"
"K13247","1","0","0"
"K01586","1","0","0"
"K06240","1","0","1"
"K00764","1","0","0"
"K02501","1","0","0"
"K18676","1","0","1"
"K00101","1","0","1"
"K03861","1","0","0"
"K00450","1","0","0"
"K04486","1","0","0"
"K00472","1","0","0"
"K02438","1","0","1"
"K00963","1","0","1"
"K01487","1","0","0"
"K00822","1","0","1"
"K01924","1","0","0"
"K09883","1","0","0"
"K00956","1","0","1"
"K02230","1","0","0"
"K00259","1","0","1"
"K00789","1","0","0"
"K00884","1","0","0"
"K04092","1","0","0"
"K01429","1","0","0"
"K01627","1","0","0"
"K16163","1","0","0"
"K00548","1","0","1"
"K00889","1","0","0"
"K00736","1","0","0"
"K05288","1","0","0"
"K10572","1","0","0"
"K02204","1","0","0"
"K05283","1","0","0"
"K00645","1","0","1"
"K16794","1","0","0"
"K00481","1","0","0"
"K03857","1","0","0"
"K13786","1","0","0"
"K01597","1","0","0"
"K00629","1","0","1"
"K04719","1","0","0"
"K01676","1","0","1"
"K00697","1","0","1"
"K09021","1","0","0"
"K05291","1","0","0"
"K01519","1","0","1"
"K01578","1","0","0"
"K01640","1","0","0"
"K04097","1","0","0"
"K12256","1","0","0"
"K03185","1","0","1"
"K00449","1","0","0"
"K01961","1","0","1"
"K03337","1","0","0"
"K00560","1","0","0"
"K00816","1","0","0"
"K01424","1","0","1"
"K00324","1","0","1"
"K01201","1","0","0"
"K03736","1","0","0"
"K07750","1","0","0"
"K00688","1","0","1"
"K00738","1","0","0"
"K00305","1","0","1"
"K00800","1","0","0"
"K01032","1","0","0"
"K01633","1","0","0"
"K09472","1","0","0"
"K00766","1","0","0"
"K18086","1","0","0"
"K00003","1","0","0"
"K01493","1","0","0"
"K00500","1","0","0"
"K00304","1","0","1"
"K01847","1","0","0"
"K00790","1","0","0"
"K09474","1","0","1"
"K01745","1","0","0"
"K01011","1","0","0"
"K00115","1","0","1"
"K06127","1","0","1"
"K01902","1","0","1"
"K01817","1","0","0"
"K01785","1","0","0"
"K00387","1","0","0"
"K00651","1","0","0"
"K01690","1","0","0"
"K00731","1","0","0"
"K00726","1","0","0"
"K01933","1","0","1"
"K01251","1","0","0"
"K00757","1","0","0"
"K00930","1","0","0"
"K05351","1","0","0"
"K03179","1","0","1"
"K01087","1","0","1"
"K09880","1","0","0"
"K01934","1","0","0"
"K00381","1","0","0"
"K00854","1","0","0"
"K00264","1","0","1"
"K00975","1","0","0"
"K00923","1","0","0"
"K08683","1","0","1"
"K05879","1","0","0"
"K01962","1","0","1"
"K00036","1","0","0"
"K04710","1","0","0"
"K00020","1","0","1"
"K02554","1","0","0"
"K01638","1","0","0"
"K01044","1","0","0"
"K07106","1","0","0"
"K00099","1","0","0"
"K15634","1","0","1"
"K00315","1","0","0"
"K01857","1","0","0"
"K01719","1","0","0"
"K13523","1","0","1"
"K01945","1","0","1"
"K00627","1","0","0"
"K01194","1","0","0"
"K00902","1","0","0"
"K01939","1","0","0"
"K06131","1","0","0"
"K02437","1","0","0"
"K00016","1","0","1"
"K03786","1","0","0"
"K00299","1","0","0"
"K00802","1","0","0"
"K00729","1","0","0"
"K01468","1","0","0"
"K00162","1","0","0"
"K10158","1","0","0"
"K08678","1","0","0"
"K00914","1","0","0"
"K00266","1","0","1"
"K11147","1","0","1"
"K10764","1","0","0"
"K03526","1","0","0"
"K01679","1","0","1"
"K18083","1","0","0"
"K02563","1","0","0"
"K03637","1","0","1"
"K03860","1","0","0"
"K02303","1","0","0"
"K08074","1","0","1"
"K00008","1","0","0"
"K05285","1","0","0"
"K00793","1","0","0"
"K07819","1","0","0"
"K00953","1","0","1"
"K01714","1","0","0"
"K00758","1","0","0"
"K00021","1","0","0"
"K01635","1","0","0"
"K03103","1","0","0"
"K01965","1","0","0"
"K08660","1","0","0"
"K14677","1","0","1"
"K01966","1","0","0"
"K00039","1","0","0"
"K02377","1","0","0"
"K05858","1","0","0"
"K00215","1","0","0"
"K00252","1","0","0"
"K01116","1","0","0"
"K00302","1","0","1"
"K03850","1","0","0"
"K03430","1","0","0"
"K01490","1","0","0"
"K00803","1","0","0"
"K01684","1","0","0"
"K08591","1","0","1"
"K00147","1","0","1"
"K01441","1","0","0"
"K00139","1","0","1"
"K05284","1","0","0"
"K06210","1","0","1"
"K04712","1","0","0"
"K02367","1","0","0"
"K00148","1","0","0"
"K20730","1","0","0"
"K20279","1","0","0"
"K00912","1","0","0"
"K00265","1","0","1"
"K00864","1","0","0"
"K15779","1","0","1"
"K17103","1","0","0"
"K01588","1","0","0"
"K01916","1","0","1"
"K04708","1","0","0"
"K11473","1","0","1"
"K01816","1","0","0"
"K00314","1","0","1"
"K01958","1","0","0"
"K00453","1","0","0"
"K05293","1","0","0"
"K13060","1","0","0"
"K02433","1","0","0"
"K00064","1","0","0"
"K00503","1","0","0"
"K06928","1","0","0"
"K05286","1","0","0"
"K00390","1","0","0"
"K00859","1","0","1"
"K01649","1","0","0"
"K01801","1","0","0"
"K07541","1","0","0"
"K01929","1","0","0"
"K01834","1","0","1"
"K01885","1","0","1"
"K00674","1","0","0"
"K11517","1","0","1"
"K01637","1","0","0"
"K03153","1","0","0"
"K00030","1","0","1"
"K01609","1","0","0"
"K01968","1","0","0"
"K00845","1","0","1"
"K00858","1","0","1"
"K08964","1","0","0"
"K01091","1","0","1"
"K01057","1","0","1"
"K02564","1","0","1"
"K01000","1","0","0"
"K01474","1","0","0"
"K00772","1","0","0"
"K09457","1","0","0"
"K13273","1","0","0"
"K05290","1","0","0"
"K01001","1","0","0"
"K01228","1","0","0"
"K03847","1","0","0"
"K00161","1","0","0"
"K00891","1","0","0"
"K01809","1","0","0"
"K01814","1","0","0"
"K01465","1","0","1"
"K05607","1","0","1"
"K09023","1","0","0"
"K03859","1","0","0"
"K00486","1","0","0"
"K01950","1","0","1"
"K08738","1","0","0"
"K15730","1","0","0"
"K01792","1","0","1"
"K01845","1","0","0"
"K01707","1","0","0"
"K00768","1","0","0"
"K00448","1","0","0"
"K01686","1","0","0"
"K12351","1","0","0"
"K09459","1","0","0"
"K00861","1","0","1"
"K01008","1","0","0"
"K15013","1","0","1"
"K00451","1","0","0"
"K11155","1","0","0"
"K16795","1","0","0"
"K13766","1","0","1"
"K01012","1","0","0"
"K00979","1","0","0"
"K03338","1","0","0"
"K01840","1","0","1"
"K01937","1","0","0"
"K03331","1","0","0"
"K05309","1","0","0"
"K00365","1","0","0"
"K01955","1","0","1"
"K01922","1","0","1"
"K14464","1","0","0"
"K10532","1","0","0"
"K00117","1","0","1"
"K02160","1","0","1"
"K01836","1","0","0"
"K06998","0","0","0"
"K10203","0","0","0"
"K00006","0","0","0"
"K20449","0","0","0"
"K19177","0","0","0"
"K01781","0","0","0"
"K03897","0","0","0"
"K02510","0","0","0"
"K01070","0","0","0"
"K05710","0","0","0"
"K10621","0","0","0"
"K01628","0","0","0"
"K00363","0","0","0"
"K01101","0","0","0"
"K18029","0","0","0"
"K01912","0","0","0"
"K00111","0","0","0"
"K10680","0","0","0"
"K20807","0","0","0"
"K00808","0","0","0"
"K16844","0","0","0"
"K00355","0","0","0"
"K12505","0","0","0"
"K00067","0","0","0"
"K03519","0","0","0"
"K02364","0","0","0"
"K03380","0","0","0"
"K10258","0","0","0"
"K10221","0","0","0"
"K03809","0","0","0"
"K02523","0","0","0"
"K01576","0","0","0"
"K01750","0","0","0"
"K12504","0","0","0"
"K20942","0","0","0"
"K00485","0","0","0"
"K01512","0","0","0"
"K18334","0","0","0"
"K01799","0","0","0"
"K18541","0","0","0"
"K03520","0","0","0"
"K04100","0","0","0"
"K06193","0","0","0"
"K17836","0","0","0"
"K05955","0","0","0"
"K01502","0","0","0"
"K01790","0","0","0"
"K19191","0","0","0"
"K01721","0","0","0"
"K01060","0","0","0"
"K01734","0","0","0"
"K00362","0","0","0"
"K03823","0","0","0"
"K00529","0","0","0"
"K10106","0","0","0"
"K16514","0","0","0"
"K19267","0","0","0"
"K00973","0","0","0"
"K00806","0","0","0"
"K04101","0","0","0"
"K01710","0","0","0"
"K03781","0","0","0"
"K05954","0","0","0"
"K03518","0","0","0"
"K01443","0","0","0"
"K16873","0","0","0"
"K10703","0","0","0"
"K14977","0","0","0"
"K10622","0","0","0"
"K11778","0","0","0"
"K14083","0","0","0"
"K01426","0","0","0"
"K00057","0","0","0"
"K00587","0","0","0"
"K00372","0","0","0"
"K20941","0","0","0"
"K05357","0","0","0"
"K10218","0","0","0"
"K03562","0","0","0"
"K00944","0","0","0"
"K10249","0","0","0"
"K01004","0","0","0"
"K15890","0","0","0"
"K15054","0","0","0"
"K01820","0","0","0"
"K08658","0","0","0"
"K06013","0","0","0"
"K00023","0","0","0"
"K18030","0","0","0"
"K18335","0","0","0"
"K06606","0","0","0"
"K16841","0","0","0"